UNIVERSAL PRODUCT CODE,QUANTITY
8053800943031,1
8053800943024,1
8053800941532,1
8053800940122,1
8053800940047,1
8053800940030,1
8053800940023,1
8053670717343,1
8053670717206,1
8053670717190,1
8053670712195,1
8053670712188,1
8053670712171,1
8053670712164,1
8053670712157,1
8053670712140,1
4806015568629,1
4806015567905,1
4806015567899,1
4806015566458,1
4806015564195,1
4806015520092,1
4806015520009,1
4806015519966,1
4806015519911,1
4806015519126,1
4806015518686,1
4806015518570,1
4806015517191,1
4806015517009,1
4806015516569,1
4806015516323,1
4806015516156,1
4806015515777,1
4806015515678,1
4806015514879,1
4806015514862,1
4806015514855,1
4806015514848,1
4806015514732,1
4806015514701,1
4806015514534,1
4806015514480,1
4806015514473,1
4806015514336,1
4806015514312,1
4806015514299,1
4806015514213,1
4806015514176,1
4806015514169,1
4806015514145,1
4806015512899,1
4806015512837,1
4806015512806,1
4806015512615,1
897903003418,1
897903003371,1
897903003180,1
897903003173,1
897903003104,1
897903003098,1
897903003012,1
897903002770,1
897903002749,1
897903002718,1
897903002688,1
897903002374,1
897903002350,1
897903002312,1
897903002213,1
869481000189,1
869481000172,1
869481000165,1
869481000103,1
868042198037,1
867114000117,1
866955000362,1
866955000355,1
866955000317,1
866281000388,1
860942000229,1
860247000795,1
860247000771,1
860247000764,1
860247000733,1
860247000726,1
860247000719,1
860247000702,1
859735005992,1
859735005985,1
859735005978,1
859735005961,1
859735005954,1
859735005947,1
859735005930,1
859735005923,1
859735005916,1
859735005893,1
857679003500,1
857679003449,1
857679003432,1
857679003425,1
857679003418,1
857679003326,1
857679003319,1
857679003302,1
857679003296,1
857679003203,1
857679003197,1
857679003180,1
857679003173,1
857679003166,1
857679003159,1
857679003142,1
857679003135,1
857679003081,1
857679003074,1
857679003067,1
857679003050,1
857679003036,1
857679003029,1
857679003012,1
857679003005,1
856304004967,1
856304004806,1
856304004790,1
856304004783,1
856304004776,1
856304004745,1
856304004691,1
856183006991,1
856183006984,1
856183006977,1
856183006854,1
856183006847,1
856183006083,1
856183006076,1
856183006021,1
856183006014,1
856183006007,1
856177006730,1
855877004367,1
855877004343,1
855319005624,1
855319005617,1
855319005600,1
855319005129,1
855319005105,1
855319005099,1
855319005075,1
855319005051,1
855319005044,1
855319005037,1
855319005020,1
855319005013,1
855193006878,1
855148002610,1
855148002443,1
854026005453,1
854026005439,1
853677007762,1
853677007731,1
853677007670,1
853677007359,1
853677007052,1
853427007790,1
853427007479,1
853427007448,1
853427007431,1
853427007318,1
853427007172,1
853427007141,1
853143008668,1
853143008514,1
852993007739,1
852548002592,1
851799004553,1
851799004522,1
851799004515,1
851799004508,1
851799004485,1
851799004454,1
851799004447,1
851799004355,1
851799004256,1
851799004003,1
851154008776,1
851154008141,1
850016966148,1
850016966117,1
850016966100,1
850013592654,1
850013592647,1
850013592289,1
850013592203,1
850013592128,1
850013592043,1
850006403509,1
850002972641,1
850000857360,1
848037058614,1
848037057853,1
848037056276,1
848037055477,1
848037055088,1
848037051417,1
848037051332,1
848037050915,1
848037050557,1
848037047564,1
848037036131,1
848037028464,1
848037016928,1
848037005564,1
848037000033,1
848037000026,1
848037000019,1
847313016652,1
847313016645,1
847313016621,1
847313016591,1
847313016584,1
847313016454,1
847313016447,1
847313016003,1
847313015990,1
847313015822,1
847313015815,1
847313015808,1
847313015679,1
845737013189,1
845737013172,1
845737013165,1
845737013141,1
845737013103,1
845737012885,1
845737012878,1
845737012816,1
845737012793,1
845737012779,1
845737012762,1
845737012755,1
845737012748,1
845737012656,1
845737012373,1
845737012359,1
845737012144,1
845737011567,1
845737011437,1
845737011208,1
845737011178,1
845737011161,1
845737011154,1
845737010911,1
845737010881,1
845737010737,1
845737010539,1
845737010522,1
845737010508,1
845737010492,1
845737010232,1
845737010225,1
845737010119,1
845737010065,1
845737010027,1
845737010010,1
845737009687,1
845737009571,1
845737009403,1
845737009298,1
845737009243,1
845737009144,1
845737009137,1
845737009052,1
845737008079,1
845737008062,1
845737007744,1
845737007683,1
845737006846,1
845737006211,1
845737005153,1
845737005146,1
845737005139,1
845737005115,1
845737005061,1
845737003388,1
845737003326,1
845737000981,1
845737000912,1
845737000875,1
845737000868,1
845737000851,1
845737000110,1
845737000103,1
842834125029,1
842834124749,1
842834124671,1
842834123421,1
842834112241,1
842834112159,1
842834108343,1
842834103355,1
842834101436,1
842834100019,1
840906124680,1
840906124468,1
840906124192,1
840906124178,1
840906121702,1
840906121412,1
840906121399,1
840906121382,1
840906121283,1
840906119273,1
840906119198,1
840906118214,1
840906118122,1
840906118108,1
840906118085,1
840906115879,1
840906110836,1
840906108062,1
840906107140,1
840906105276,1
840906102824,1
840906100264,1
818773022293,1
818773022279,1
818773022200,1
818773022187,1
818773021968,1
818773021906,1
818773021531,1
818773021517,1
818773021302,1
818773021265,1
818773021234,1
818773021227,1
818773021210,1
818773021203,1
818773020749,1
818773020725,1
818773020701,1
818773020688,1
818773020626,1
818773020602,1
818773020589,1
818773020565,1
818773020008,1
818513009218,1
818513009201,1
818513001618,1
818004022771,1
818004022757,1
818004022535,1
818004022528,1
818004022511,1
818004021996,1
818004021958,1
818004021880,1
818004021804,1
818004021798,1
818004021781,1
818004021736,1
818004021682,1
818004021644,1
818004021422,1
818004021392,1
818004021330,1
818004021026,1
818004020838,1
818004020548,1
818004020388,1
818004020371,1
818004020364,1
818004020357,1
818004020340,1
818004020265,1
816903027798,1
816903027781,1
816903025466,1
816903025404,1
816903025350,1
816903025091,1
816903024186,1
816903024094,1
816903024063,1
816903022823,1
816903022472,1
816422025527,1
816422025510,1
815875015857,1
815875015840,1
815875015833,1
815875015826,1
815875015291,1
815875015130,1
815875015116,1
815875015093,1
815875015086,1
815875014683,1
815875014652,1
815875014522,1
815875014515,1
815875014355,1
815875014263,1
815875014256,1
815875014249,1
815875014249,1
815875014232,1
815875014225,1
815875012399,1
815875012382,1
815875011682,1
815875011439,1
815875011408,1
815875011217,1
815875011187,1
815875011019,1
815718022066,1
815648029692,1
815648029258,1
815648029074,1
815648029036,1
815648029012,1
815648028992,1
815648028763,1
815648028732,1
815648028619,1
815648028596,1
815648028459,1
815648028442,1
815648028343,1
815648028336,1
815648027490,1
815648027353,1
815648026219,1
815648025274,1
815648024451,1
815648023317,1
815648023119,1
815648021993,1
815648021986,1
815648021979,1
815648021962,1
815648021771,1
815648021764,1
815648021757,1
815648021658,1
815648021498,1
815648021481,1
815648021085,1
815648021030,1
815604019606,1
815604019538,1
815604019491,1
815604019408,1
815604019248,1
815604018968,1
815604018937,1
815604018845,1
815604018821,1
815604018562,1
815604018517,1
815604018487,1
815604018456,1
815604018371,1
815604016858,1
815604016742,1
815604016650,1
815604016612,1
815604016254,1
815604016179,1
815604015745,1
815604015738,1
815604015561,1
815604015554,1
815604015547,1
815604015479,1
815604015431,1
815604015325,1
815604015318,1
815604015134,1
815604014045,1
815421022322,1
815421022315,1
815421022254,1
815421021554,1
815421020977,1
815421020915,1
815421020908,1
815421020618,1
815421020434,1
815421020373,1
814034026437,1
814034026420,1
814034025478,1
814034025195,1
814034022156,1
814034022149,1
814034022026,1
814034022002,1
814034021982,1
814034021968,1
814034021951,1
814034021777,1
814034021746,1
814034021005,1
814034020992,1
813865025541,1
813865025534,1
813865025466,1
813865025428,1
812526022028,1
812526022011,1
812526021953,1
812526021946,1
812526021939,1
812526021922,1
812526021885,1
812526021823,1
812526021786,1
812526021762,1
812526021755,1
812526021748,1
812526021731,1
812526021724,1
812526020505,1
812526020482,1
812526020475,1
812526020437,1
812526020369,1
812526020352,1
812526020277,1
812441028129,1
812441028112,1
812441027979,1
812441027962,1
812441027955,1
812441021175,1
812285025834,1
812285025674,1
812285025612,1
812285025605,1
812285025544,1
812285025452,1
812285025445,1
812285025438,1
811777021835,1
811777021811,1
811777021781,1
811777021774,1
811777021743,1
811777020548,1
811777020425,1
811607033663,1
811607033656,1
811607033618,1
811607033601,1
811607033564,1
811607033557,1
811607032369,1
811607032352,1
811607032345,1
811607032321,1
811607032307,1
811607032291,1
811607032284,1
811607032277,1
811607032260,1
811607032246,1
811607032239,1
811607032222,1
811607032215,1
811607032208,1
811338036339,1
811338036322,1
811338036285,1
811338036209,1
811338036193,1
811338035721,1
811338035592,1
811338035585,1
811338035578,1
811338035561,1
811338035189,1
811338035158,1
811338034526,1
811338034229,1
811338034151,1
811338034144,1
811338034137,1
811338034090,1
811338034083,1
811338034076,1
811338033406,1
811154031051,1
811154031020,1
811154031006,1
811154030986,1
811154030979,1
811154030955,1
811154030948,1
811154030931,1
811154030900,1
811154030474,1
811154030351,1
811154030344,1
811154030238,1
811154030221,1
811154030016,1
811154030009,1
810237024614,1
810237024454,1
810237024423,1
810237024416,1
810237024409,1
810237024393,1
810237024317,1
810237023426,1
810237023389,1
810237023235,1
810237023204,1
810237023112,1
810237023082,1
810237023051,1
810237023044,1
810237023013,1
810237023006,1
810046233337,1
810046233313,1
810046233139,1
810046233115,1
810038641751,1
810038641683,1
810038641676,1
810038641669,1
810038641652,1
810035752337,1
810035752313,1
810035752306,1
810035752221,1
810035751750,1
810035751668,1
810035751651,1
810035751644,1
810035751576,1
810035751569,1
810035751545,1
810035751538,1
810035751521,1
810035751507,1
810035751453,1
810035751446,1
810035751439,1
810035751392,1
810035751354,1
810035751309,1
810035751279,1
810035751255,1
810035751248,1
810035751224,1
810035751217,1
810035751163,1
810035751156,1
810035751132,1
810035751125,1
810035751101,1
810035751095,1
810035751071,1
810035751057,1
810035751033,1
810035751019,1
806703951706,1
806703951607,1
806703951508,1
806703951300,1
806703917603,1
806703917542,1
806703917504,1
806703915906,1
806703915654,1
806703915616,1
806703915609,1
806703915456,1
806703915449,1
806703915432,1
806703915418,1
806703915401,1
806703915340,1
806703915333,1
806703915326,1
806703915319,1
806703914626,1
806703914619,1
806703914602,1
806703914527,1
806703914510,1
806703914503,1
806703913568,1
806703913551,1
806703913544,1
806703913537,1
806703913520,1
806703913513,1
806703913483,1
806703913452,1
806703912998,1
806703912899,1
806703912882,1
806703912707,1
806703912691,1
806703912615,1
806703912608,1
806703912578,1
806703912554,1
806703912530,1
806703912516,1
806703912493,1
806703912455,1
806703912356,1
806703912295,1
806703912202,1
806703912073,1
806703912066,1
806703911991,1
806703911946,1
806703911908,1
806703911755,1
806703911748,1
806703911533,1
806703911526,1
806703911373,1
806703911366,1
806703911304,1
806703911021,1
806703910864,1
806703910772,1
806703085432,1
806703085418,1
806703085371,1
806703085074,1
806703085050,1
806703014111,1
806703014012,1
798681641925,1
798681641864,1
798681641291,1
798681639823,1
798681639199,1
798681632381,1
798681629145,1
798681629022,1
798681628650,1
798681626724,1
798681626663,1
798681626656,1
798681626649,1
798681626632,1
798681626540,1
798681626427,1
798681623976,1
798681623938,1
798681622740,1
798681622719,1
798681622207,1
798681622191,1
798681621347,1
798681621309,1
798681619542,1
798681618798,1
798681618286,1
798681618262,1
798681618248,1
798681614912,1
798681613137,1
798681613120,1
798681609055,1
798681607556,1
798681605149,1
798681605125,1
798681604517,1
798681600199,1
798681600182,1
798681599479,1
798681599202,1
798681599011,1
798681598724,1
798681598403,1
798681598380,1
798681597765,1
798681597239,1
798681596607,1
798681596270,1
798681596201,1
798681591596,1
798681583423,1
798681583393,1
798681582686,1
798681582532,1
798681581535,1
798681581313,1
798681578313,1
798681578306,1
798681578207,1
798681577842,1
798681572762,1
798681555468,1
798681554744,1
798681554737,1
798681544752,1
798681538812,1
798681538782,1
798681534845,1
798681529582,1
798681513505,1
798681506019,1
798681505951,1
798681504138,1
798681503995,1
798681474271,1
798681450695,1
798681448739,1
798681443352,1
798681441426,1
798681438020,1
798681437146,1
798681437139,1
798681436170,1
798681418497,1
798681415205,1
798681406623,1
798681406609,1
798681402144,1
798681317479,1
798681306701,1
798681306695,1
798681306633,1
798681304172,1
798681303953,1
787790288435,1
787790283232,1
787790272045,1
787450712027,1
787450690936,1
787450690172,1
787450685048,1
787450683204,1
787450681415,1
787450681392,1
787450668539,1
787450660427,1
787450660397,1
787450660366,1
787450657373,1
787450647626,1
787450614932,1
787450608948,1
787450608917,1
787450606951,1
787450596733,1
787450591042,1
787450574458,1
787450573451,1
787450545823,1
787450528277,1
787450525092,1
787450525061,1
787450524842,1
787450524521,1
787450524491,1
787450524484,1
787450516038,1
787450515994,1
787450514669,1
787450512832,1
787450510630,1
787450474901,1
787450465749,1
787450455757,1
787450382329,1
787450232792,1
787450077676,1
787450074477,1
787450071186,1
787450044357,1
764503914591,1
764503913884,1
764503913860,1
764503913839,1
764503913808,1
764503913730,1
764503913648,1
764503913358,1
764503912535,1
764503911422,1
764503910616,1
764503502231,1
764503502224,1
764503502194,1
764503502170,1
764503335020,1
764503315022,1
764503301353,1
764503301346,1
764503275029,1
764503236020,1
764503047923,1
764503047541,1
764503047305,1
764503046896,1
764503043680,1
764503043659,1
764503040795,1
764503040313,1
764503037832,1
764503037528,1
764503037450,1
764503037337,1
764503036866,1
764503035920,1
764503033964,1
764503033957,1
764503033896,1
764503033339,1
764503033292,1
764503032615,1
764503027154,1
764503026171,1
764503009822,1
764503009808,1
764503005381,1
764503001338,1
764503001055,1
764503001024,1
764503000959,1
764503000911,1
764503000881,1
761226090038,1
761226089896,1
761226089872,1
761226089858,1
761226089841,1
761226089834,1
761226089681,1
761226089674,1
761226089094,1
761226088646,1
761226088394,1
761226088387,1
761226088042,1
761226088028,1
761226087946,1
761226087939,1
761226087922,1
761226087854,1
761226087717,1
761226087700,1
761226087694,1
761226087274,1
761226087267,1
761226087199,1
761226087137,1
761226087083,1
761226086994,1
761226086987,1
761226086888,1
761226086857,1
761226086840,1
761226086796,1
761226086789,1
761226086208,1
761226085959,1
761226085607,1
761226085539,1
761226037927,1
761226034063,1
761226030164,1
761226029885,1
761226028635,1
761226028529,1
761226023074,1
761226022985,1
761226022831,1
761226022756,1
761226022350,1
752830475281,1
752830473485,1
752830473386,1
752830473287,1
752334900128,1
752334900111,1
752334900104,1
752334600141,1
752334600134,1
752334600127,1
752334600035,1
752334500137,1
752334500021,1
752334401014,1
752334401007,1
752334345103,1
752334340108,1
752334099945,1
752334091826,1
752334091604,1
752334091505,1
752334038036,1
752334010063,1
752334010056,1
752334009968,1
752334009951,1
752334003805,1
748252215826,1
736676439379,1
736676439362,1
736676439348,1
736676439270,1
736676439263,1
736676439249,1
736676439218,1
736676401741,1
736676401734,1
736676401604,1
736676401598,1
736676401505,1
736676401499,1
736676401260,1
736676401185,1
736676401123,1
736676401079,1
736676401055,1
736676401048,1
736676401031,1
736676401017,1
736676311613,1
736676311590,1
736676311545,1
736676311521,1
736676311460,1
736676311453,1
736676311439,1
736676311392,1
736676311361,1
736676311262,1
736676311200,1
736676311149,1
736676311132,1
736676311095,1
736676291014,1
736676291007,1
736676211999,1
736676211968,1
736676211944,1
736676211890,1
736676211883,1
736676211869,1
736676211791,1
736676211630,1
736676211524,1
736676211449,1
736676211388,1
736676211333,1
736676211029,1
736676191222,1
736676191215,1
736676191154,1
736676191093,1
736676191055,1
736676191024,1
736676191000,1
736676180813,1
736676180806,1
736676180295,1
736676180288,1
736676180257,1
736676164028,1
736676164011,1
736676157044,1
736676157020,1
736676137145,1
736676137114,1
736676137107,1
736676137053,1
736676137022,1
736676137015,1
736676132140,1
736676132119,1
736676132010,1
736676132003,1
736676111121,1
736676111008,1
736676086832,1
736676086726,1
736676086504,1
736676086498,1
736676086085,1
736676086054,1
736676085736,1
736676085729,1
736676085712,1
736676085705,1
736676085422,1
736676085408,1
736676085385,1
736676085323,1
736676085309,1
736676085293,1
736676085224,1
736676085194,1
736676085170,1
736676085156,1
736676085149,1
736676085118,1
736676085002,1
736676084227,1
736676084081,1
736676084050,1
736676084043,1
736676084036,1
736676084029,1
736676084005,1
736676067664,1
736676067626,1
736676067596,1
736676067589,1
736676067565,1
736676067398,1
736676067367,1
736676067220,1
736676067114,1
736676067022,1
736676067008,1
736676058891,1
736676058884,1
736676058877,1
736676058860,1
736676058686,1
736676058648,1
736676058556,1
736676058549,1
736676058532,1
736676058471,1
736676058198,1
736676058174,1
736676058167,1
736676058068,1
736676058051,1
736676058013,1
736676057856,1
736676057849,1
736676057832,1
736676057825,1
736676057740,1
736676057733,1
736676057719,1
736676057658,1
736676057375,1
736676057207,1
736676057191,1
736676057184,1
736676055203,1
736676055173,1
736676055074,1
736676055050,1
736676055029,1
736676055012,1
736676054664,1
736676054640,1
736676054626,1
736676054602,1
736676054565,1
736676054527,1
736676054503,1
736676054442,1
736676054398,1
736676054374,1
736676054350,1
736676054312,1
736676054305,1
736676054145,1
736676054107,1
736676054015,1
736676053032,1
736676053025,1
736676053018,1
736676050666,1
736676050659,1
736676050604,1
736676050598,1
736676050512,1
736676050505,1
736676050444,1
736676050437,1
736676050413,1
736676049387,1
736676049356,1
736676049349,1
736676049240,1
736676049233,1
736676049196,1
736676038381,1
736676038374,1
736676038299,1
736676038251,1
736676038244,1
736676038213,1
736676038169,1
736676038107,1
736676037964,1
736676037957,1
736676037919,1
736676037896,1
736676037889,1
736676037872,1
736676037810,1
736676037797,1
736676037582,1
736676037520,1
736676037506,1
736676037469,1
736676037452,1
736676037421,1
736676037018,1
736676036479,1
736676036417,1
736676036257,1
736676036202,1
736676036110,1
736676036073,1
736676036066,1
736676036042,1
736676036004,1
736676032976,1
736676032952,1
736676032914,1
736676032877,1
736676032853,1
736676032839,1
736676032532,1
736676032358,1
736676017898,1
736676017867,1
736676017843,1
736676017836,1
736676017829,1
736676017805,1
736676017775,1
736676017768,1
736676017751,1
736676017744,1
736676017737,1
736676017720,1
736676017713,1
736676017638,1
736676017591,1
736676017577,1
736676017553,1
736676017546,1
736676017539,1
736676017522,1
736676017157,1
736676017072,1
736676017058,1
736676017041,1
736676017027,1
736676012961,1
736676012657,1
736676012640,1
736676012619,1
736676012565,1
736676011513,1
736676011032,1
736676011025,1
736211609793,1
725327934479,1
725327933885,1
725327933878,1
725327933861,1
725327933854,1
725327933786,1
725327933779,1
725327933243,1
725327933236,1
725327933120,1
725327932963,1
725327932758,1
725327932741,1
725327932727,1
725327932512,1
725327932369,1
725327932161,1
725327932154,1
725327932147,1
725327932079,1
725327932062,1
725327932055,1
725327932048,1
725327932017,1
725327931867,1
725327931850,1
725327931577,1
725327931560,1
725327931539,1
725327620860,1
725327620846,1
725327620839,1
725327619307,1
725327619246,1
725327619239,1
725327619208,1
725327619178,1
725327619161,1
725327618744,1
725327618737,1
725327618720,1
725327618713,1
725327618706,1
725327618690,1
725327618683,1
725327618676,1
725327618614,1
725327618607,1
725327618591,1
725327618584,1
725327618577,1
725327618560,1
725327618553,1
725327618287,1
725327618232,1
725327618027,1
725327618003,1
725327617990,1
725327617983,1
725327617723,1
725327617709,1
725327617679,1
725327617662,1
725327617648,1
725327617624,1
725327617617,1
725327617600,1
725327617594,1
725327617556,1
725327617549,1
725327617532,1
725327617525,1
725327617518,1
725327617501,1
725327617495,1
725327617488,1
725327617433,1
725327617419,1
725327617402,1
725327616986,1
725327616511,1
725327616504,1
725327616337,1
725327616320,1
725327616290,1
725327616276,1
725327616238,1
725327616122,1
725327616047,1
725327616030,1
725327616023,1
725327616016,1
725327616009,1
725327615996,1
725327615965,1
725327615880,1
725327615583,1
725327614388,1
725327611585,1
725327611233,1
725327611189,1
725327611172,1
725327610694,1
725327610236,1
725327610212,1
725327610175,1
725327610144,1
725327609957,1
725327609698,1
725327609681,1
725327609377,1
725327608332,1
725327607090,1
725327607083,1
725327606994,1
725327605607,1
725327605430,1
725327604532,1
725327604525,1
725327604358,1
725327602460,1
725327602125,1
725327602118,1
725327601036,1
725327600978,1
725327600954,1
725327600527,1
725327351245,1
725327351238,1
725327341802,1
725327341796,1
725327341468,1
725327340836,1
725327340386,1
725327330080,1
725327320166,1
725327320142,1
725327204060,1
725327204046,1
725327204022,1
725327203025,1
725327203018,1
725327200727,1
725327200185,1
725327200161,1
725327200154,1
725327200130,1
725327200031,1
723364216763,1
723364216183,1
723364215971,1
723364215964,1
723364215957,1
723364215940,1
723364215933,1
723364215926,1
723364215582,1
723364215575,1
723364215469,1
723364215452,1
723364215315,1
723364215308,1
723364215292,1
723364215285,1
723364214608,1
723364214592,1
723364214585,1
723364214561,1
723364214554,1
723364214547,1
723364214462,1
723364214257,1
723364213861,1
723364212994,1
723364212796,1
723364212758,1
723364212741,1
723364212734,1
723364212727,1
723364212543,1
723364211386,1
723364210570,1
723364210525,1
723364210389,1
723364209963,1
723364209956,1
723364209949,1
723364209932,1
723364209888,1
723364209369,1
723364209352,1
723364207303,1
723364207297,1
723364207280,1
723364207006,1
723364206993,1
723364205323,1
723364204425,1
723364202025,1
723364200878,1
723364200861,1
723364200854,1
723364200816,1
723364200298,1
723364200267,1
723364200250,1
723364200243,1
723364200236,1
723364200229,1
723364200090,1
723364200021,1
707129994561,1
707129994509,1
707129994059,1
706397943950,1
706397943943,1
706397941550,1
706397941185,1
706397935795,1
706397935573,1
706397935566,1
706397935511,1
706397935504,1
706397935283,1
706397935276,1
706397934064,1
706397933951,1
706397933944,1
706397933043,1
706397933036,1
706397932961,1
706397932831,1
706397932626,1
706397932527,1
706397932497,1
706397932480,1
706397932459,1
706397932442,1
706397932114,1
706397930325,1
706397930141,1
706397930134,1
706397930110,1
706397929886,1
706397929633,1
706397929626,1
706397929589,1
706397929480,1
706397929466,1
706397928070,1
706397927882,1
706397927066,1
706397926885,1
706397926830,1
706397926748,1
706397926588,1
706397926410,1
706397926304,1
706397926250,1
706397926243,1
706397926120,1
706397926090,1
706397926083,1
706397926076,1
706397926069,1
706397926038,1
706397926021,1
706397925918,1
706397925826,1
706397925680,1
706397925659,1
706397925598,1
706397925567,1
706397925550,1
706397925543,1
706397925505,1
706397922740,1
706397921897,1
706397921705,1
706397921606,1
706397921590,1
706397921446,1
706397921361,1
706397919559,1
706397919542,1
706397919528,1
706397919504,1
706397919498,1
706397919481,1
706397919467,1
706397919443,1
706397919436,1
706397919399,1
706397919382,1
706397919160,1
706397919092,1
706397919054,1
706397919047,1
706397917579,1
706397916961,1
706397916183,1
706397916176,1
706397916022,1
706397913786,1
706397913670,1
706397913649,1
706397913090,1
706397913076,1
706397913069,1
706397913052,1
706397913045,1
706397913038,1
706397913021,1
706397913014,1
706397913007,1
706397912994,1
706397912987,1
706397912970,1
706397912963,1
706397906825,1
706397906641,1
706397906634,1
706397905415,1
706397905309,1
706397904685,1
706397904074,1
706397900793,1
706397900755,1
706397900106,1
706397871994,1
706397865405,1
706397860486,1
706397852665,1
706397851460,1
706397141516,1
706397141097,1
706397092061,1
706397071516,1
706397071080,1
706397041267,1
706397041229,1
706397038021,1
706397031213,1
706397028022,1
706397021023,1
706397012267,1
706397012229,1
706397011062,1
706397011024,1
700600851841,1
700600851803,1
700600851179,1
696528087991,1
696528087984,1
696528087755,1
696528087687,1
688218791851,1
688218791844,1
688218791837,1
688218739495,1
688218739488,1
688218739471,1
688218739464,1
688218739457,1
688218739440,1
688218739433,1
688218739426,1
685757098311,1
685757098236,1
685757098229,1
685757098212,1
685757098199,1
685757098182,1
685757098120,1
685757098113,1
685757098083,1
685757098076,1
685757098045,1
682146910056,1
682146910049,1
681565228193,1
681565227639,1
681565227615,1
681565227516,1
681565227509,1
681565227493,1
681565227486,1
681565226465,1
680599034077,1
680599034053,1
680599034039,1
680599034022,1
680599034015,1
680490947636,1
680490947001,1
680490946998,1
680490946738,1
680175927168,1
678958938203,1
678958799200,1
678958745207,1
678958740202,1
678958738209,1
678958738117,1
678958738025,1
678958735420,1
678958735390,1
678958735208,1
678958732207,1
678958723427,1
678958723243,1
678958722420,1
678958722246,1
678958699203,1
678958645200,1
678958638202,1
678958635201,1
678958632705,1
678958538793,1
678958538649,1
678958538540,1
678958538526,1
678958538403,1
678958538397,1
678958538304,1
678958538243,1
678958538205,1
678958538113,1
678958522402,1
678958522303,1
678958253870,1
678958238723,1
678958138207,1
678958138115,1
678958135206,1
653341470904,1
651984018637,1
651984018026,1
651984015988,1
651984015933,1
651984015872,1
651984015858,1
651984015261,1
651984015247,1
651984014264,1
651984014257,1
651984014240,1
644216175444,1
644216175345,1
644216175246,1
644216174843,1
644216169542,1
644216169443,1
644216168040,1
642230262621,1
642230262584,1
642230262553,1
642230262485,1
642230262324,1
642230262225,1
642230262126,1
642230262119,1
642230262096,1
642230262072,1
642230261891,1
642230261853,1
642230261839,1
642230261815,1
642230261808,1
642230261785,1
642230261778,1
642230261761,1
642230261754,1
642230261747,1
642230261730,1
642230261723,1
642230261655,1
642230261600,1
642230261594,1
642230261587,1
642230261563,1
642230261556,1
642230261525,1
642230261501,1
642230261495,1
642230261471,1
642230261464,1
642230261426,1
642230261341,1
642230261037,1
642230260993,1
642230260955,1
642230260863,1
642230260849,1
642230260665,1
642230260641,1
642230260634,1
642230260610,1
642230260603,1
642230260580,1
642230260566,1
642230260542,1
642230260528,1
642230260504,1
642230260481,1
642230260467,1
642230260405,1
642230260214,1
642230260207,1
642230260085,1
642230259959,1
642230259829,1
642230258518,1
642230257894,1
642230257870,1
640832008579,1
640832008326,1
640832008319,1
640832008302,1
640832008081,1
640832007923,1
640832007916,1
640832007909,1
640832007800,1
640832007794,1
640832007787,1
640832007770,1
640832007763,1
640832007756,1
640832007428,1
640832007411,1
640832007381,1
640832007367,1
640832006551,1
640832006438,1
640832006001,1
640832005943,1
640832005769,1
640832004830,1
640832004816,1
640832004618,1
640832004243,1
640832004212,1
640832004182,1
640832004151,1
640832004120,1
640832004090,1
640832003499,1
640832003482,1
640832003314,1
640832003307,1
640832003291,1
640832003284,1
640832003192,1
640832002720,1
640832002676,1
640832002669,1
640832000900,1
640832000832,1
640832000825,1
640832000795,1
640832000726,1
640832000696,1
640832000597,1
640832000481,1
640832000467,1
640832000450,1
640832000405,1
640832000382,1
640832000290,1
640832000160,1
619835500038,1
619835200259,1
619835200242,1
619835200235,1
619835100153,1
619835090096,1
602686422253,1
602686422246,1
602686422239,1
602686422222,1
602686422215,1
602686422161,1
602686422154,1
602686422116,1
602686422048,1
602686421942,1
602686321112,1
602686313094,1
602686313087,1
602686313056,1
602686292030,1
602686281003,1
602686251112,1
602686222006,1
602686221009,1
602686213004,1
602686212007,1
602686211239,1
602686211086,1
602686211031,1
602686211000,1
98289112422,1
98289112392,1
98289112385,1
98289112316,1
98289112248,1
98289112231,1
98289112224,1
98289112187,1
98289112132,1
98289111975,1
98289111944,1
98289111937,1
98289111920,1
98289111913,1
98289111906,1
98289111890,1
98289111883,1
98289111876,1
98289111852,1
98289111814,1
98289111791,1
98289111678,1
98289111609,1
98289111593,1
98289111579,1
98289111548,1
98289111524,1
98289111470,1
98289111463,1
98289111456,1
98289111449,1
98289111401,1
98289111388,1
98289111364,1
98289111357,1
98289111296,1
98289111227,1
98289111210,1
98289111203,1
98289111197,1
98289111180,1
98289111159,1
98289111050,1
98289042989,1
98289042927,1
98289042644,1
98289035516,1
98289035509,1
98289035493,1
98289035356,1
98289035349,1
98289035325,1
98289035295,1
98289024824,1
98289023643,1
98289023599,1
98289023582,1
98289023568,1
98289023537,1
98289023513,1
98289023506,1
98289020444,1
98289020192,1
98289019332,1
98289015303,1
98289007209,1
98289007193,1
98289007148,1
98289003287,1
98289003270,1
98289001313,1
98289001306,1
98289001290,1
98289001283,1
91664961080,1
91664960724,1
91664960700,1
91664960687,1
91664960670,1
91664960335,1
91664960281,1
91664960236,1
91664960212,1
91664960205,1
91664960199,1
91664960168,1
91664960151,1
91664960144,1
91664960137,1
91664950152,1
91664910903,1
91664904025,1
91664903868,1
91664903851,1
91664903752,1
91664903677,1
91664900249,1
91664900232,1
91664900225,1
82442940533,1
82442915708,1
82442915333,1
82442915326,1
82442915319,1
82442907642,1
82442907635,1
82442907581,1
82442907574,1
82442907529,1
82442907468,1
82442907406,1
82442907345,1
82442907284,1
82442907222,1
82442907024,1
82442901664,1
82442894706,1
82442894683,1
82442894379,1
82442894256,1
82442893303,1
82442886565,1
82442874500,1
82442874241,1
82442868912,1
82442868851,1
82442864686,1
82442858616,1
82442858609,1
82442819754,1
82442819730,1
82442818986,1
82442818221,1
82442818207,1
82442818191,1
82442816371,1
82442815503,1
82442736396,1
82442736372,1
82442154732,1
82442154282,1
82442111100,1
82442111087,1
82442026572,1
82442012926,1
47700833927,1
47700812311,1
47700812304,1
47700811451,1
26495705435,1
26495704971,1
26495704551,1
26495704339,1
26495704124,1
22188885613,1
22188885033,1
22188884999,1
22188884142,1
22188884135,1
22188884029,1
22188884012,1
22188884005,1
22188883879,1
22188883695,1
22188883688,1
22188883657,1
22188882827,1
22188882810,1
22188882544,1
22188882513,1
22188882506,1
22188882315,1
22188882308,1
22188881806,1
22188881592,1
22188880212,1
22188880205,1
22188879674,1
22188879667,1
22188879650,1
22188879643,1
22188879421,1
22188879414,1
22188879315,1
22188879308,1
22188879216,1
22188879209,1
22188879193,1
22188879179,1
22188878813,1
22188878677,1
22188878585,1
22188878516,1
22188878509,1
22188878486,1
22188878462,1
22188878424,1
22188878394,1
22188878387,1
22188878363,1
22188878356,1
22188877748,1
22188877731,1
22188877724,1
22188877717,1
22188877700,1
22188877557,1
22188877533,1
22188877526,1
22188877113,1
22188877106,1
22188876628,1
22188876246,1
22188876239,1
22188876222,1
22188875980,1
22188875966,1
22188875560,1
22188875553,1
22188875546,1
22188875539,1
22188875447,1
22188875317,1
22188875300,1
22188875140,1
22188874969,1
22188874952,1
22188874891,1
22188874587,1
22188874464,1
22188874396,1
22188874389,1
22188874341,1
22188874235,1
22188873740,1
22188873580,1
22188873573,1
22188873566,1
22188873559,1
22188873047,1
22188872958,1
22188872934,1
22188872705,1
22188872682,1
22188872422,1
22188872415,1
22188872392,1
22188872385,1
22188872323,1
22188872316,1
22188872248,1
22188872231,1
22188872224,1
22188872194,1
22188872187,1
22188872095,1
22188872019,1
22188872002,1
22188871920,1
22188871913,1
22188871852,1
22188871685,1
22188871654,1
22188871630,1
22188871470,1
22188871463,1
22188871456,1
22188871449,1
22188871425,1
22188871418,1
22188871401,1
22188871388,1
22188871371,1
22188871364,1
22188871357,1
22188871340,1
22188871333,1
22188871319,1
22188871289,1
22188871272,1
22188871265,1
22188871210,1
22188871197,1
22188871180,1
22188871173,1
22188871166,1
22188871159,1
22188871128,1
22188871043,1
22188870916,1
22188870671,1
22188870664,1
22188870237,1
22188870220,1
22188870169,1
22188870008,1
22188869897,1
22188869743,1
22188869392,1
22188869385,1
22188869279,1
22188869248,1
22188869231,1
22188869156,1
22188869088,1
22188869071,1
22188869064,1
22188869057,1
22188869026,1
22188868548,1
22188868432,1
22188868395,1
22188868388,1
22188868319,1
22188868272,1
22188868258,1
22188868241,1
22188868203,1
22188868166,1
22188868135,1
22188868111,1
22188868104,1
22188868036,1
22188868012,1
22188868005,1
22188867886,1
22188867824,1
22188867244,1
22188866506,1
22188866421,1
22188866360,1
22188865813,1
22188864823,1
22188864151,1
22188864144,1
22188864076,1
22188864007,1
22188780550,1
22188780475,1
22188780444,1
22188780420,1
22188780413,1
22188780383,1
22188780314,1
22188780208,1
22188780178,1
22188780147,1
22188780130,1
22188780123,1
22188780116,1
22188703504,1
22188703498,1
22188703481,1
22188703467,1
22188703443,1
22188703436,1
22188703412,1
22188703399,1
22188703344,1
22188703238,1
22188703207,1
22188703191,1
22188703184,1
22188703160,1
22188702996,1
22188702965,1
22188702927,1
22188702699,1
22188702620,1
22188702453,1
22188702316,1
22188702101,1
22188701814,1
22188701708,1
22188701616,1
22188701371,1
22188701357,1
22188701333,1
22188643008,1
22188642247,1
22188642223,1
22188641981,1
22188641943,1
22188641929,1
22188638110,1
22188638103,1
22188638080,1
22188636901,1
22188636383,1
22188636369,1
22188636062,1
22188636031,1
22188635652,1
22188635041,1
22188635010,1
22188635003,1
22188634655,1
22188634600,1
22188634143,1
22188632101,1
22188630732,1
22188630725,1
22188630718,1
22188630701,1
22188630640,1
22188630626,1
22188630527,1
22188630503,1
22188628104,1
22188628029,1
22188626629,1
22188626346,1
22188625066,1
22188624304,1
22188624205,1
22188624144,1
22188624113,1
22188624106,1
22188620696,1
22188609363,1
22188605846,1
22188605785,1
22188604108,1
22188602289,1
22188602210,1
22188305128,1
22188305111,1
22188239034,1
22188239027,1
22188239003,1
22188234039,1
22188234022,1
22188234008,1
22188220001,1
22188149333,1
22188149326,1
22188147827,1
22188147810,1
22188147216,1
22188147209,1
22188145816,1
22188145359,1
22188145175,1
22188145151,1
22188145144,1
22188142358,1
22188142266,1
22188142259,1
22188142242,1
22188142235,1
22188142228,1
22188141597,1
22188141580,1
22188141573,1
22188141566,1
22188138177,1
22188138146,1
22188137545,1
22188137408,1
22188137392,1
22188136531,1
22188136517,1
22188134391,1
22188134360,1
22188133578,1
22188133059,1
22188131314,1
22188129915,1
22188128246,1
22188127331,1
22188093810,1
22188084856,1
22188084832,1
22188084825,1
22188084115,1
22188084092,1
22188083903,1
22188038101,1
22188033519,1
22188030723,1
22188030617,1
22188030433,1
22188030396,1
19962457760,1
19962455964,1
15813890205,1
15813890182,1
15813890168,1
15813890144,1
15813890120,1
15813890113,1
15813890106,1
15813890090,1
15813890083,1
15813890069,1
15813890045,1
15813890038,1
15813890021,1
15813890014,1
15813853705,1
15813853606,1
15813853316,1
15813853255,1
15813853224,1
15813853187,1
15813522809,1
15813521512,1
15813521505,1
15813521451,1
15813521321,1
15813517737,1
15813516723,1
15813516686,1
15813516655,1
15813516631,1
15813516600,1
15813513401,1
15813507783,1
15813507769,1
15813507691,1
15813507684,1
15813507677,1
15813507660,1
15813507653,1
15813507004,1
15813506991,1
15813506984,1
15813506977,1
15813506960,1
15813506953,1
15813506946,1
15813506939,1
15813506922,1
15813506915,1
15813506755,1
15813506748,1
15813506670,1
15813506595,1
15813506571,1
15813506564,1
15813506533,1
15813506519,1
15813506496,1
15813506489,1
15813506472,1
15813506397,1
15813506380,1
15813506373,1
15813502993,1
15813502085,1
15813502061,1
11356229748,1
11356229397,1
11356229328,1
11356229052,1
11356229045,1
11356229038,1
11356229021,1
8605003819707,10
8605003817710,10
8605003814696,10
8605003813323,10
8605003813279,500
8605003813255,500
8605003813170,10
8605003813156,10
8605003813149,10
8605003813101,10
8605003813071,10
8605003813057,500
8605003813040,500
8605003813033,10
8605003813026,10
8605003813002,10
8605003812845,10
8605003812838,10
8605003812593,10
8605003812586,10
8605003812579,10
8605003812500,500
8605003812463,10
8605003812425,10
8605003812319,500
8605003811732,10
8605003811701,500
8590690310456,500
4806015503217,10
4806015500155,10
4607094864479,500
4607094863717,500
4607094863632,500
4607094863113,500
4607094862642,500
4607094862413,500
4607094862390,500
4607094862338,500
4607094862253,500
4607094860365,500
4607094860310,500
4607094860280,500
4607094860273,500
4607094860266,500
4607094860174,500
4607094860167,500
4607094860150,10
818513003612,500
818513002943,10
812285021935,10
812285021911,10
812285021898,10
812285021874,10
812285021843,10
812285021812,500
798681624621,500
798681619634,10
798681617920,10
798681616701,500
798681600144,500
798681600137,500
798681594214,10
798681591640,500
798681591633,500
798681568185,10
798681568154,100
798681568130,100
798681552986,10
798681552979,10
798681552962,100
798681552948,10
798681537693,10
798681528080,10
798681528066,10
798681528059,10
798681522446,10
798681522422,10
798681522415,10
798681517350,10
798681516988,10
798681516889,500
798681516865,100
798681516841,10
798681516827,10
798681514496,10
798681514489,10
798681511143,100
798681501748,500
798681501724,500
798681501700,10
798681501687,100
798681501663,100
798681458202,500
798681458196,10
798681458189,100
798681458172,100
798681458165,10
787450606135,500
787450606128,500
787450606111,500
787450606104,500
787450606098,500
787450606081,10
787450606067,500
787450579880,500
787450579873,500
787450579866,500
787450579859,500
787450579842,500
787450472983,10
787450436299,10
787450431782,10
787450431775,10
762344863436,500
762344712079,500
762344712055,500
762344711843,500
762344711010,10
762344710969,100
762344710587,100
762344710563,100
762344710556,100
762344710549,100
762344710532,100
762344710525,100
762344710518,100
762344710501,500
762344710495,500
762344710488,500
762344710471,100
762344710358,10
762344710068,10
762344710051,10
762344710044,10
762344710013,10
762344707587,100
762344707334,500
762344707099,100
762344706597,500
762344706580,500
762344706573,100
762344705637,10
762344705620,10
762344705514,10
762344705101,100
762344704968,500
762344704951,100
762344704173,500
762344701271,100
762344028781,10
762344028156,100
762344001913,500
762344001852,100
762344001821,100
762344001678,500
762344001623,500
762344001494,10
762344001166,100
762344000992,100
757750900905,10
757750900721,10
757750900707,10
757750604759,10
757750504400,10
757750451704,10
757750451360,10
757750451216,10
757750451124,10
757750451100,10
757750451049,10
757750451025,10
757750450165,10
757750429406,10
757750429123,10
757750429086,10
757750400900,10
757750400726,10
757750400702,10
757750400245,10
757750400122,10
757750400061,10
757750400023,10
757750380806,10
757750358041,10
757750357440,10
757750357242,10
757750357204,10
757750357150,10
757750357129,10
757750357105,10
757750357082,10
757750357068,10
757750357020,10
757750355507,10
757750355460,10
757750355323,10
757750355309,10
757750355286,10
757750355200,10
757750355163,10
757750355064,10
757750355040,10
757750355026,10
757750338302,10
757750312029,10
757750223202,500
757750101555,10
757750045835,10
757750033832,10
757750032552,10
757750030817,10
754908550197,10
754908550180,10
754908533787,10
754908533282,10
754908533237,10
754908533183,10
754908533084,10
754908532988,10
754908512690,500
754908512461,10
754908512454,10
754908512447,10
754908512416,10
754908512232,10
754908512225,10
754908512157,10
754908511792,10
754908511747,10
754908511365,10
754908511358,10
754908510511,10
754908510474,10
754908510429,10
754908510382,10
754908510375,10
754908510368,10
754908510177,10
754908510054,500
754908501052,10
754908501045,10
754908500963,10
754908500932,500
754908500918,10
754908500864,500
754908500789,10
754908500772,10
754908500536,10
754908500482,10
754908500475,10
754908500468,10
754908500253,10
754908500246,10
754908500239,10
754908500185,10
754908500178,10
754908500154,10
754908500123,500
754908500093,500
754908500086,500
754908500062,500
754908500055,500
754908500031,10
754908500024,10
754908500000,10
754908227716,10
754908211012,10
754908210916,500
754908210510,500
754908209613,500
754908208616,500
754908201617,500
754908201419,10
754908200313,500
754908190713,10
754908190614,0
754908189113,10
754908186518,500
754908186310,10
754908186211,10
754908184712,500
754908184613,10
754908184217,500
754908184118,500
754908177417,10
754908176618,500
754908170210,500
754908168316,500
754908168118,10
754908166916,10
754908165414,500
754908164318,10
754908160815,500
754908160716,500
754908160013,500
754908124015,500
754908119011,500
754908118014,500
754908116010,500
754908115013,500
754908114016,500
754908113019,500
754908112012,500
754908110018,500
754908108015,500
754908105014,500
741569200042,10
741569200035,10
741569200028,10
741569200011,10
741569070454,10
741569070447,10
741569070430,10
741569070355,500
741569070300,500
741569070270,500
741569070225,10
741569070218,10
741569070126,10
741569070102,10
741569070096,10
741569070065,10
741569070041,10
741569070027,10
741569060356,10
741569060318,10
741569060288,10
741569060080,500
741569060073,500
741569060066,500
741569050760,10
741569050708,500
741569050630,10
741569050463,10
741569050401,10
741569050173,10
741569050098,10
741569040792,10
741569040723,10
741569040167,500
741569010610,500
741569010603,500
741569010153,10
741569010122,500
741569010115,500
716876300129,10
716876165124,10
716876154449,10
716876153527,10
716876151110,10
716876151097,10
716876150915,10
716876150892,10
716876150885,10
716876145010,10
716876140015,10
716876138081,10
716876135721,10
716876135110,10
716876130115,10
716876101559,10
716876030866,10
716876030859,10
716876030309,10
716876022465,10
716876022359,10
640420013121,10
640420013114,10
640420003313,500
640420003306,10
640420003276,500
640420003252,10
640420003245,10
640420003238,10
640420003214,10
640420003207,10
640420003191,200
640420003184,500
640420003177,10
640420003160,10
640420003146,10
640420003122,200
640420003115,10
640420003092,10
640420003085,500
640420003078,10
640420003061,500
640420003054,500
640420003047,10
640420003030,10
640420003023,10
640420003016,10
640420002538,10
640420002521,10
640420002514,10
640420001913,10
640420001593,10
640420001456,10
640420001098,10
640420001074,10
640420001050,10
640420001036,10
640420001012,10
604544671865,500
604544671827,500
604544662375,10
604544661262,10
604544659047,10
604544659030,10
604544659023,10
604544659016,10
604544659009,10
604544658378,10
604544658361,10
604544658354,10
604544658309,10
604544658019,200
604544657937,10
604544657920,10
604544657913,10
604544657883,10
604544657456,10
604544657227,10
604544657210,10
604544656671,10
604544656428,10
604544656411,10
604544656275,10
604544656152,10
604544655216,10
604544654974,10
604544653601,10
604544653595,10
604544653465,10
604544653410,10
604544653311,10
604544653304,10
604544653298,10
604544652406,10
604544652321,10
604544652314,10
604544650815,10
604544650594,500
604544650488,10
604544650327,10
604544650310,10
604544650280,10
604544650273,10
604544650075,500
604544650051,10
604544647891,500
604544647884,500
604544647495,10
604544647396,10
604544647389,10
604544647372,10
604544647365,10
604544647358,10
604544647334,10
604544647310,10
604544647303,10
604544647297,10
604544647280,10
604544647273,10
604544647266,10
604544647259,10
604544647242,500
604544647235,500
604544647228,500
604544647211,500
604544647204,500
604544647198,10
604544647181,10
604544647174,10
604544647020,10
604544647013,10
604544647006,10
604544646993,10
604544646962,10
604544646702,10
604544646665,10
604544645750,500
604544642957,500
604544642896,10
604544638301,10
604544637083,10
604544630312,10
604544630305,10
604544630299,10
604544627756,10
604544627343,10
604544627329,500
604544627305,10
604544627282,10
604544627190,10
604544627084,10
604544627046,10
604544627039,10
604544625769,500
604544625615,500
604544624106,10
604544624083,10
604544624038,10
604544624014,10
604544622874,10
604544622058,10
604544621075,10
604544620146,500
604544618860,10
604544618174,10
604544618150,10
604544618112,10
604544618020,10
604544617641,10
604544617467,10
604544617429,10
604544617412,10
604544617405,10
604544617382,500
604544617368,10
604544617047,10
604544617016,10
604544617009,10
604544611908,10
604544610642,10
092763099902,500
092763099254,500
092763099247,500
092763081259,10
092763081204,10
092763081150,10
092763081105,10
092763081051,10
092763081006,10
090255927924,10
090255927900,10
090255927825,10
090255927559,10
090255913767,10
090255913699,10
090255913644,10
090255913613,10
090255913408,10
090255912968,10
090255912678,10
090255912562,10
090255910001,10
090255909715,10
090255909265,10
090255909043,10
090255909005,10
090255905113,10
090255905045,10
090255905007,10
090255903621,10
090255903249,10
090255903119,10
090255903102,10
090255903003,10
090255902877,200
090255902822,200
090255902815,200
090255902501,200
090255902440,200
090255902426,200
090255902402,200
090255902365,200
090255902266,200
090255902242,200
090255902167,200
090255901047,200
090255900804,200
090255900637,10
090255900620,10
090255900613,10
090255900606,10
090255900149,10
090255900125,10
090255862744,10
090255862713,10
090255862492,10
090255862409,10
090255862386,10
090255862362,10
090255862348,10
090255862331,10
090255862324,10
090255862317,10
090255862300,10
090255862249,10
090255834642,10
090255832662,500
090255832020,10
090255832006,10
090255831801,10
090255831726,10
090255831719,10
090255831702,10
090255827477,10
090255827422,10
090255827415,10
090255823134,10
090255823004,10
090255812961,10
090255812640,500
090255812633,500
090255812541,500
090255812473,10
090255808971,500
090255808919,10
090255808810,10
090255808797,10
090255808773,10
090255808735,10
090255808667,10
090255808094,10
090255808018,10
090255807868,10
090255807844,10
090255802757,500
090255802702,500
090255802696,500
090255802672,500
090255802641,500
090255802603,500
090255802559,500
090255802375,500
090255802344,500
090255392524,10
090255392494,10
090255392456,10
090255391534,10
090255391527,10
090255391510,10
090255391503,10
090255391480,10
090255391381,10
090255391329,10
090255391312,10
090255391268,10
090255391220,10
090255391152,10
090255391121,10
090255390964,10
090255390889,10
090255390858,10
090255390834,10
090255390803,10
090255390520,10
090255386233,10
090255383270,500
090255382310,10
090255382303,10
090255380262,500
090255380255,500
090255300215,10
076683537508,500
076683536549,500
076683536532,500
076683536525,500
076683536518,500
076683536501,500
076683536204,500
076683536082,500
076683052308,10
076683052209,10
076683052100,10
076683052070,10
076683052049,10
076683052025,500
076683052018,500
076683052001,500
076683037909,10
076683037466,10
076683037459,10
076683037442,10
076683037404,10
076683037381,10
076683035974,20
076683035912,500
076683035899,500
076683035844,10
076683035707,500
076683035646,500
076683035561,10
076683035424,500
076683035226,500
076683035097,500
076683035059,500
076683009708,10
076683009609,10
076683009579,10
076683009562,10
076683009548,10
076683009517,10
076683000743,10
076683000699,10
076683000644,10
076683000637,10
076683000590,10
076683000569,10
076683000552,10
076683000538,10
076683000521,10
076683000507,10
076683000491,10
076683000477,10
076683000392,10
076683000354,10
076683000330,10
076683000323,10
076683000316,10
076683000309,10
076683000293,10
076683000286,10
076683000279,10
076683000262,10
076683000255,10
076683000248,10
076683000231,10
076683000224,10
076683000217,10
075490851258,10
047700496900,10
047700496504,10
047700496405,10
047700495101,10
047700495002,10
047700494906,10
047700494807,10
047700494708,10
047700494609,10
047700494500,10
047700494005,10
047700493909,10
047700493107,10
047700493008,10
047700492902,10
047700492704,10
047700490908,500
047700490700,10
047700479903,10
047700479804,10
047700479705,10
047700479200,500
047700478807,10
047700474007,10
047700472003,10
047700471907,10
047700471808,10
047700471709,10
047700471204,100
047700471105,100
047700470900,100
047700470801,100
047700428109,10
047700427904,10
047700427805,100
047700427706,10
047700426501,500
047700425603,10
047700425405,10
047700425306,10
047700425207,500
047700421308,500
047700420202,10
047700419800,10
047700419404,10
047700419008,10
047700414607,10
047700382302,10
047700070506,10
047700057804,10
047700056005,10
047700055800,10
047700055701,10
047700050904,10
047700020907,10
029465565206,500
029465099657,10
029465099411,10
029465099404,10
029465098391,10
029465098377,10
029465097967,10
029465097950,10
029465097943,10
029465097349,10
029465096397,10
029465095048,10
029465094669,10
029465094607,500
029465094218,10
029465094201,10
029465093983,10
029465093488,500
029465093099,10
029465093075,10
029465092542,10
029465092030,10
029465091965,10
029465091903,10
029465091729,10
029465091514,10
029465091507,10
029465091484,10
029465091446,10
029465091439,10
029465091415,10
029465091026,500
029465090289,10
029465089467,10
029465089375,10
029465089337,10
029465089320,10
029465089207,500
029465089146,10
029465088606,10
029465088569,500
029465088439,10
029465088422,10
029465088415,10
029465088330,10
029465088323,10
029465088224,500
029465088095,10
029465088033,200
029465085940,10
029465085421,10
029465085414,10
029465085339,10
029465085087,10
029465085049,10
029465085032,10
029465084974,10
029465084820,500
029465084752,10
029465084745,10
029465084523,10
029465084493,10
029465084486,10
029465084172,10
029465065713,10
029465065553,10
029465065546,10
029465065539,10
029465065522,10
029465064754,10
029465064617,10
029465064242,10
029465064082,10
029465064075,10
029465064068,10
029465064051,10
029465064037,500
029465063948,10
029465063931,10
029465063924,10
029465063122,500
029465062965,10
029465062606,10
029465062477,500
029465062323,500
029465061616,10
029465061586,10
029465061128,10
029465060879,500
029465060855,10
029465060497,10
029465060404,10
029465060398,10
029465060381,10
029465058265,10
029465057381,10
029465057350,10
029465057169,10
029465057107,10
029465056766,10
029465056193,10
029465056186,10
029465056155,10
029465056148,10
029465056049,10
029465056032,10
029465028350,10
029465027391,10
029465027117,10
029465025731,10
029465025724,10
029465016913,10
029465016845,10
029465009731,10
029465009649,10
029465001292,10
029465001216,10
029465001193,10
